{
    "loss": 0.9396752119064331,
    "accuracy": 0.5035971403121948
}