{
    "loss": 1044.695556640625,
    "accuracy": 0.48201438784599304
}